assembly_id	Ribosomal_L14	Ribosomal_L15e	Ribosomal_L16	Ribosomal_L18	Ribosomal_L22	ribosomal_L24	Ribosomal_L2	Ribosomal_L3	Ribosomal_L4	Ribosomal_L5	Ribosomal_L6	Ribosomal_S10	Ribosomal_S17	Ribosomal_S19	Ribosomal_S3_C	Ribosomal_S8
LK489	1	0	1	0	1	1	1	1	1	1	1	1	1	1	1	1
LK1046	1	0	1	0	1	1	1	1	1	1	1	1	1	1	1	1
LK712	1	0	1	0	1	1	1	1	1	1	1	1	1	1	1	1
LK945	1	0	1	0	1	1	1	1	1	1	1	1	1	1	1	1
LK930	1	0	1	0	1	1	1	1	1	1	1	1	1	1	1	1
LK1056	1	0	1	0	1	1	1	1	1	1	1	1	1	1	1	1
LK955	1	0	1	0	1	1	1	1	1	1	1	1	1	1	1	1
LK522	1	0	1	0	1	1	1	1	1	1	1	1	1	1	1	1
LK1026	1	0	1	0	1	1	1	1	1	1	1	1	1	1	1	1
LK1106	1	0	1	0	1	1	1	1	1	1	1	1	1	1	1	1
LK1015	1	0	1	0	1	1	1	1	1	1	1	1	1	1	1	1
SMGC_1	1	0	1	0	1	1	1	1	1	1	1	1	1	1	1	1
LK672	1	0	1	0	1	1	1	1	1	1	1	1	1	1	1	1
LK488	1	0	1	0	1	1	1	1	1	1	1	1	1	1	1	1
LK572	1	0	1	0	1	1	1	1	1	1	1	1	1	1	1	1
LK904	1	0	1	0	1	1	1	1	1	1	1	1	1	1	1	1
LK1045	1	0	1	0	1	1	1	1	1	1	1	1	1	1	1	1
LK639	1	0	1	0	1	1	1	1	1	1	1	1	1	1	1	1
LK1055	1	0	1	0	1	1	1	1	1	1	1	1	1	1	1	1
LK705	1	0	1	0	1	1	1	1	1	1	1	1	1	1	1	1
SMGC_139	1	0	1	0	1	1	1	1	1	1	1	1	1	1	1	1
LK953	1	0	1	0	1	1	1	1	1	1	1	1	1	1	1	1
LK466	1	0	1	0	1	1	1	1	1	1	1	1	1	1	1	1
LK519	1	0	1	0	1	1	1	1	1	1	1	1	1	1	1	1
LK1093	1	0	1	0	1	1	1	1	1	1	1	1	1	1	1	1
LK538	1	0	1	0	1	1	1	1	1	1	1	1	1	1	1	1
LK942	1	0	1	0	1	1	1	1	1	1	1	1	1	1	1	1
LK485	1	0	1	0	1	1	1	1	1	1	1	1	1	1	1	1
SMGC_138	1	0	1	0	1	1	1	1	1	1	1	1	1	1	1	1
LK984	1	0	1	0	1	1	1	1	1	1	1	1	1	1	1	1
LK570	1	0	1	0	1	1	1	1	1	1	1	1	1	1	1	1
LK1041	1	0	1	0	1	1	1	1	1	1	1	1	1	1	1	1
LK952	1	0	1	0	1	1	1	1	1	1	1	1	1	1	1	1
LK1054	1	0	1	0	1	1	1	1	1	1	1	1	1	1	1	1
LK630	1	0	1	0	1	1	1	1	1	1	1	1	1	1	1	1
LK894	1	0	1	0	1	1	1	1	1	1	1	1	1	1	1	1
LK444	1	0	1	0	1	1	1	1	1	1	2	1	1	1	1	2
LK1024	1	0	1	0	1	1	1	1	1	1	1	1	1	1	1	1
LK518	1	0	1	0	1	1	1	1	1	1	1	1	1	1	1	1
LK941	1	0	1	0	1	1	1	1	1	1	1	1	1	1	1	1
LK1012	1	0	1	0	1	1	1	1	1	1	1	1	1	1	1	1
LK1092	1	0	1	0	1	1	1	1	1	1	1	1	1	1	1	1
LK533	1	0	1	0	1	1	1	1	1	1	1	1	1	1	1	1
LK591	1	0	1	0	1	1	1	1	1	1	1	1	1	1	1	1
SMGC_137	1	0	1	0	1	1	1	1	1	1	1	1	1	1	1	1
LK1036	1	0	1	0	1	1	1	1	1	1	1	1	1	1	1	1
LK951	1	0	1	0	1	1	1	1	1	1	1	1	1	1	1	1
LK443	1	0	1	0	1	1	1	1	1	1	1	1	1	1	1	1
LK464	1	0	1	0	1	1	1	1	1	1	1	1	1	1	1	1
SMGC_124	1	0	1	0	1	1	1	1	1	1	1	1	1	1	1	1
LK938	1	0	1	0	1	1	1	1	1	1	1	1	1	1	1	1
LK479	1	0	1	0	1	1	1	1	1	1	1	1	1	1	1	1
LK1009	1	0	1	0	1	1	1	1	1	1	1	1	1	1	1	1
LK1022	1	0	1	0	1	1	1	1	1	1	1	1	1	1	1	1
LK569	1	0	1	0	1	1	1	1	1	1	1	1	1	1	1	1
LK1091	1	0	1	0	1	1	1	1	1	1	1	1	1	1	1	1
LK871	1	0	1	0	1	1	1	1	1	1	1	1	1	1	1	1
LK1053	1	0	1	0	1	1	1	1	1	1	1	1	1	1	1	1
SMGC_136	0	0	0	0	0	0	0	0	0	0	0	0	0	0	0	0
LK1034	1	0	1	0	1	1	1	1	1	1	1	1	1	1	1	1
LK975	1	0	1	0	1	1	1	1	1	1	1	1	1	1	1	1
SMGC_123	1	0	1	0	1	1	1	1	1	1	1	1	1	1	1	1
LK508	1	0	1	0	1	1	1	1	1	1	1	1	1	1	1	1
LK936	1	0	1	0	1	1	1	1	1	1	1	1	1	1	1	1
LK950	1	0	1	0	1	1	1	1	1	1	1	1	1	1	1	1
LK1021	1	0	1	0	1	1	1	1	1	1	1	1	1	1	1	1
LK1099	1	0	1	0	1	1	1	1	1	1	1	1	1	1	1	1
LK1008	1	0	1	0	1	1	1	1	1	1	1	1	1	1	1	1
LK698	1	0	1	0	1	1	1	1	1	1	1	1	1	1	1	1
LK1090	1	0	1	0	1	1	1	1	1	1	1	1	1	1	1	1
LK1073	1	0	1	0	1	1	1	1	1	1	1	1	1	1	1	1
LK792	1	0	1	0	1	1	1	1	1	1	1	1	1	1	1	1
LK1116	1	0	1	0	1	1	1	1	1	1	1	1	1	1	1	1
LK617	1	0	1	0	1	1	1	1	1	1	1	1	1	1	1	1
SMGC_135	0	0	0	0	0	0	1	1	1	0	0	0	0	1	0	0
SMGC_122	1	0	1	0	1	1	1	1	1	1	1	1	1	1	1	1
SMGC_131	1	0	1	0	1	1	1	1	1	1	1	1	1	1	1	1
LK1031	1	0	1	0	1	1	1	1	1	1	1	1	1	1	1	1
LK949	1	0	1	0	1	1	1	1	1	1	1	1	1	1	1	1
LK478	1	0	1	0	1	1	1	1	1	1	1	1	1	1	1	1
LK1098	1	0	1	0	1	1	1	1	1	1	1	1	1	1	1	1
LK1113	1	0	1	0	1	1	1	1	1	1	1	1	1	1	1	1
SMGC_117	1	0	1	0	1	1	1	1	1	1	1	1	1	1	1	1
LK561	1	0	1	0	1	1	1	1	1	1	1	1	1	1	1	1
LK935	1	0	1	0	1	1	1	1	1	1	1	1	1	1	1	1
LK441	1	0	1	0	1	1	1	1	1	1	1	1	1	1	1	1
LK1019	1	0	1	0	1	1	1	1	1	1	1	1	1	1	1	1
LK729	1	0	1	0	1	1	1	1	1	1	1	1	1	1	1	1
LK1072	1	0	1	0	1	1	1	1	1	1	1	1	1	1	1	1
SMGC_130	1	0	1	0	1	1	1	1	1	1	1	1	1	1	1	1
LK697	1	0	1	0	1	1	1	1	1	1	1	1	1	1	1	1
SMGC_121	1	0	1	0	1	1	1	1	1	1	1	1	1	1	1	1
SMGC_134	1	0	1	0	1	1	1	1	1	1	1	1	1	1	1	1
LK1030	1	0	1	0	1	1	1	1	1	1	1	1	1	1	1	1
LK1085	1	0	1	0	1	1	1	1	1	1	1	1	1	1	1	1
SMGC_142	0	0	0	0	0	0	0	1	0	0	0	1	0	0	0	0
LK1006	1	0	1	0	1	1	1	1	1	1	1	1	1	1	1	1
LK1112	1	0	1	0	1	1	1	1	1	1	1	1	1	1	1	1
LK1018	1	0	1	0	1	1	1	1	1	1	1	1	1	1	1	1
LK470	1	0	1	0	1	1	1	1	1	1	1	1	1	1	1	1
LK557	1	0	1	0	1	1	1	1	1	1	1	1	1	1	1	1
LK719	1	0	1	0	1	1	1	1	1	1	1	1	1	1	1	1
LK934	1	0	1	0	1	1	1	1	1	1	1	1	1	1	1	1
LK1049	1	0	1	0	1	1	1	1	1	1	1	1	1	1	1	1
LK948	1	0	1	0	1	1	1	1	1	1	1	1	1	1	1	1
LK960	1	0	1	0	1	1	1	1	1	1	1	1	1	1	1	1
LK583	1	0	1	0	1	1	1	1	1	1	1	1	1	1	1	1
SMGC_120	1	0	1	0	1	1	1	1	1	1	1	1	1	1	1	1
SMGC_13	1	0	1	0	1	1	1	1	1	1	1	1	1	1	1	1
SMGC_116	1	0	0	0	1	1	1	1	1	1	1	1	0	1	0	1
LK1027	1	0	1	0	1	1	1	1	1	1	1	1	1	1	1	1
SMGC_133	1	0	1	0	1	1	1	0	0	1	1	0	1	1	1	1
LK553	1	0	1	0	1	1	1	1	1	1	1	1	1	1	1	1
SMGC_102	1	0	1	0	1	0	1	1	1	0	0	1	1	1	1	0
LK1059	1	0	1	0	1	1	1	1	1	1	1	1	1	1	1	1
SMGC_141	1	0	0	0	1	0	0	1	1	1	0	0	0	1	1	1
LK1082	1	0	1	0	1	1	1	1	1	1	1	1	2	1	1	1
LK1002	1	0	1	0	1	1	1	1	1	1	1	1	1	1	1	1
SMGC_129	1	0	1	0	1	1	1	1	1	1	1	1	1	1	1	1
LK716	1	0	1	0	1	1	1	1	1	1	1	1	1	1	1	1
LK524	1	0	1	0	1	1	1	1	1	1	1	1	1	1	1	1
LK956	1	0	1	0	1	1	1	1	1	1	1	1	1	1	1	1
LK946	1	0	1	0	1	1	1	1	1	1	1	1	1	1	1	1
LK687	1	0	1	0	1	1	1	1	1	1	1	1	1	1	1	1
LK428	1	0	1	0	1	1	1	1	1	1	1	1	1	1	1	1
LK661	1	0	1	0	1	1	1	1	1	1	1	1	1	1	1	1
SMGC_12	1	0	1	0	1	1	1	1	1	1	1	1	1	1	1	1
LK455	1	0	1	0	1	1	1	1	1	1	1	1	1	1	1	1
LK494	1	0	1	0	1	1	1	1	1	1	1	1	1	1	1	1
SMGC_11	1	0	1	0	1	1	1	1	1	1	1	1	1	1	1	1
SMGC_140	1	0	1	0	1	1	1	1	1	1	1	1	1	1	1	1
SMGC_101	1	0	1	0	1	1	1	1	1	1	1	1	1	1	1	1
LK542	1	0	1	0	1	1	1	1	1	1	1	1	1	1	1	1
SMGC_128	1	0	1	0	1	1	1	1	1	1	1	1	1	1	1	1
SMGC_115	1	0	1	0	1	1	1	1	1	1	1	1	1	1	1	1
SMGC_7	1	0	1	0	1	1	1	1	1	2	1	1	1	1	1	1
SMGC_99	1	0	1	0	1	1	1	1	1	1	1	1	1	1	1	1
LK523	1	0	1	0	1	1	1	1	1	1	1	1	1	1	1	1
LK1250	1	0	1	0	1	1	1	1	1	1	1	1	1	1	1	1
LK413	1	0	1	0	1	1	1	1	1	1	1	1	1	1	1	1
LK1350	1	0	1	0	1	1	1	1	1	1	1	1	1	1	1	1
LK1277	1	0	1	0	1	1	1	1	1	1	1	1	1	1	1	1
LK467	1	0	1	0	1	1	1	1	1	1	1	1	1	1	1	1
SMGC_15	1	0	1	0	1	1	1	1	1	1	1	1	1	1	1	1
SMGC_119	1	0	1	0	1	1	1	1	1	1	1	1	1	1	1	1
LK1145	1	0	1	0	1	1	1	1	1	1	1	1	1	1	1	1
LK1366	1	0	1	0	1	1	1	1	1	1	1	1	1	1	1	1
LK1188	1	0	1	0	1	1	1	1	1	1	1	1	1	1	1	1
SMGC_109	1	0	0	0	0	1	0	0	0	1	1	0	0	0	0	1
SMGC_127	1	0	1	0	1	1	1	1	1	1	1	1	1	1	1	1
SMGC_132	1	0	1	0	1	1	1	1	1	1	1	1	1	1	1	1
SMGC_91	1	0	1	0	1	1	1	1	1	1	1	1	1	1	1	1
LK1390	1	0	1	0	1	1	1	1	1	1	1	1	1	1	1	1
SMGC_100	1	0	1	0	1	1	1	1	1	1	1	1	1	1	1	1
SMGC_149	0	0	0	0	0	0	0	1	0	0	0	1	0	0	0	0
SMGC_69	1	0	1	0	1	1	1	1	1	1	1	1	1	1	1	1
SMGC_594	1	0	0	0	1	1	1	1	1	1	1	1	1	1	1	1
SMGC_114	1	0	1	0	1	1	1	1	1	1	1	1	1	1	1	1
SMGC_77	1	0	1	0	1	1	1	1	1	1	1	1	1	1	1	1
LK426	1	0	1	0	1	1	1	1	1	1	1	1	1	1	1	1
SMGC_14	1	0	1	0	1	1	1	1	1	1	1	1	1	1	1	1
SMGC_98	1	0	1	0	1	1	1	1	1	1	1	1	1	1	1	1
SMGC_600	0	0	0	0	0	0	0	0	0	0	0	0	0	0	0	0
SMGC_126	1	0	1	0	1	1	1	1	1	1	1	1	1	1	1	1
LK1348	1	0	1	0	1	1	1	1	1	1	1	1	1	1	1	1
LK1275	1	0	1	0	1	1	1	1	1	1	1	1	1	1	1	1
SMGC_108	1	0	1	0	1	1	1	1	1	1	1	1	1	1	1	1
LK1363	1	0	1	0	1	1	1	1	1	1	1	1	1	1	1	1
LK1311	1	0	1	0	1	1	1	1	1	1	1	1	1	1	1	1
SMGC_10	1	0	1	0	1	1	1	1	1	1	1	1	1	1	1	1
LK1176	1	0	1	0	1	1	1	1	1	1	1	1	1	1	1	1
SMGC_84	1	0	1	0	1	1	1	1	1	1	1	1	1	1	1	1
SMGC_118	1	0	1	0	1	1	1	1	1	1	1	0	1	1	1	1
LK1231	1	0	1	0	1	1	1	1	1	1	1	1	1	1	1	1
LK1386	1	0	1	0	1	1	1	1	1	1	1	1	1	1	1	1
SMGC_90	1	0	1	0	1	1	1	1	1	1	1	1	1	1	1	1
LK1404	1	0	1	0	1	1	1	1	1	1	1	1	1	1	1	1
SMGC_587	1	0	0	0	0	1	0	0	0	1	1	1	0	0	0	1
LK411	1	0	1	0	1	1	1	1	1	1	1	1	1	1	1	1
SMGC_148	1	0	1	0	1	1	0	0	0	1	1	0	1	1	1	1
SMGC_60	1	0	0	0	0	1	1	1	1	1	1	1	0	0	0	1
SMGC_593	0	0	1	0	1	0	0	0	0	1	1	0	0	1	1	1
LK421	1	0	1	0	1	1	1	1	1	1	1	1	1	1	1	1
LK1118	1	0	1	0	1	1	1	1	1	1	1	1	1	1	1	1
SMGC_615	1	0	1	0	1	1	1	1	1	1	1	1	1	1	1	1
SMGC_76	1	0	1	0	1	1	1	1	1	1	1	1	1	1	1	1
SMGC_113	0	0	0	0	0	0	0	0	0	1	0	0	0	0	0	1
SMGC_107	0	0	0	0	0	0	0	1	1	1	0	1	0	0	0	1
SMGC_68	1	0	1	0	1	1	1	1	1	1	1	1	1	1	1	1
SMGC_125	1	0	1	0	1	1	1	1	1	1	1	1	1	1	1	1
LK1347	1	0	1	0	1	1	1	1	1	1	1	1	1	1	1	1
LK439	1	0	1	0	1	1	1	1	1	1	1	1	1	1	1	1
SMGC_97	1	0	1	0	1	1	1	1	1	1	1	1	1	1	1	1
LK1274	1	0	1	0	1	1	1	1	1	1	1	1	1	1	1	1
SMGC_83	1	0	1	0	1	1	1	1	1	1	1	1	1	1	1	1
LK1306	1	0	1	0	1	1	1	1	1	1	1	1	1	1	1	1
LK1224	1	0	1	0	1	1	1	1	1	1	1	1	1	1	1	1
LK1362	1	0	1	0	1	1	1	1	1	1	1	1	1	1	1	1
SMGC_9	1	0	1	0	1	1	1	1	1	1	1	1	1	0	1	1
LK1263	1	0	1	0	1	1	1	1	1	1	1	1	1	1	1	1
LK1173	1	0	1	0	1	1	1	1	1	1	1	1	1	1	1	1
SMGC_614	0	0	0	0	0	0	0	0	0	0	0	0	0	0	0	0
LK1384	1	0	1	0	1	1	1	1	1	1	1	1	1	1	1	1
SMGC_106	1	0	1	0	0	1	0	1	1	1	1	0	1	0	1	1
SMGC_586	2	0	1	0	1	1	1	1	1	1	1	0	1	1	2	1
SMGC_622	1	0	1	0	1	1	1	1	1	1	1	1	1	1	1	1
SMGC_112	0	0	0	0	0	0	0	0	0	0	0	0	0	0	0	0
SMGC_592	1	0	1	0	0	0	0	1	1	0	1	1	1	0	1	1
SMGC_75	1	0	1	0	1	1	1	1	1	1	1	1	1	1	1	1
LK1346	1	0	1	0	1	1	1	1	1	1	1	1	1	1	1	1
SMGC_608	1	0	1	0	1	1	1	1	1	1	1	1	1	1	1	1
SMGC_147	0	0	0	0	0	0	0	0	0	0	0	0	0	0	0	0
LK1117	1	0	1	0	1	1	1	1	1	1	1	1	1	1	1	1
SMGC_6	1	0	1	0	1	1	1	1	1	1	1	1	1	1	1	1
SMGC_613	0	0	1	0	1	0	1	1	1	0	1	1	1	1	1	1
SMGC_82	1	0	1	0	1	1	1	1	1	1	1	1	1	1	1	1
SMGC_96	1	0	1	0	1	1	1	1	1	1	1	1	1	1	1	1
LK434	1	0	1	0	1	1	1	1	1	1	1	1	1	1	1	1
LK1302	1	0	1	0	1	1	1	1	1	1	1	1	1	1	1	1
LK1246	1	0	1	0	1	1	1	1	1	1	1	1	1	1	1	1
SMGC_621	1	0	1	0	1	1	1	1	1	1	1	1	1	1	1	1
LK1208	1	0	1	0	1	1	1	1	1	1	1	1	1	1	1	1
LK419	1	0	1	0	1	1	1	1	1	1	1	1	1	1	1	1
SMGC_89	1	0	1	0	1	1	1	1	1	1	2	1	1	1	1	2
LK1172	1	0	1	0	1	1	1	1	1	1	1	1	1	1	1	1
SMGC_105	1	0	1	0	1	1	1	1	1	1	1	1	1	1	1	1
LK409	1	0	1	0	1	1	1	1	1	1	1	1	1	1	1	1
LK1383	1	0	1	0	1	1	1	1	1	1	1	1	1	1	1	1
SMGC_111	0	0	0	0	0	0	0	0	0	0	0	1	0	0	0	0
SMGC_585	1	0	1	0	1	1	1	1	1	1	0	1	1	1	1	0
SMGC_146	0	0	0	0	0	0	0	1	0	0	0	1	0	0	0	0
SMGC_74	1	0	1	0	1	1	1	1	1	1	1	1	1	1	1	1
SMGC_67	1	0	1	0	1	1	1	1	1	2	1	1	1	1	1	2
LK1337	1	0	1	0	1	1	1	1	1	1	1	1	1	1	1	1
LK1270	1	0	1	0	1	1	1	1	1	1	1	1	1	1	1	1
SMGC_612	0	0	0	0	0	1	1	1	1	1	1	1	0	1	0	1
SMGC_153	1	0	1	0	2	0	1	1	1	0	0	1	1	1	1	0
LK1207	1	0	1	0	1	1	1	1	1	1	1	1	1	1	1	1
SMGC_81	1	0	1	0	1	1	1	1	1	1	1	1	1	1	1	1
SMGC_599	0	0	1	0	0	0	0	1	1	0	1	1	1	0	0	1
SMGC_620	0	0	0	0	0	0	0	1	1	0	0	1	0	0	0	0
SMGC_110	1	0	1	0	1	1	1	1	1	1	1	1	1	1	1	1
SMGC_591	1	0	0	0	0	1	0	0	0	1	1	1	1	0	0	1
LK417	1	0	1	0	1	1	1	1	1	1	1	1	1	1	1	1
LK1257	1	0	1	0	1	1	1	1	1	1	1	1	1	1	1	1
LK1358	1	0	1	0	1	1	1	1	1	1	1	1	1	1	1	1
SMGC_607	1	0	1	0	1	1	1	1	1	1	1	1	1	1	1	1
SMGC_95	1	0	1	0	1	1	1	1	1	1	1	1	1	1	1	1
LK408	1	0	1	0	1	1	1	1	1	1	1	1	1	1	1	1
LK1382	1	0	1	0	1	1	1	1	1	1	1	1	1	1	1	1
SMGC_88	1	0	1	0	1	1	1	1	1	1	1	1	1	1	1	1
SMGC_145	1	0	1	0	1	1	1	1	1	1	1	1	1	1	1	1
LK1301	1	0	1	0	1	1	1	1	1	1	1	1	1	1	1	1
LK1137	1	0	1	0	1	1	1	1	1	1	1	1	1	1	1	1
SMGC_611	0	0	0	0	0	0	0	0	0	0	0	0	0	0	0	0
SMGC_104	1	0	1	0	1	1	1	1	1	1	1	1	1	1	1	1
LK1335	1	0	1	0	1	1	1	1	1	1	1	1	1	1	1	1
SMGC_62	0	0	1	0	0	0	0	0	0	0	1	1	1	0	0	1
SMGC_73	1	0	1	0	1	1	1	1	1	1	1	1	1	1	1	1
SMGC_584	0	0	0	0	1	0	1	1	1	1	1	1	0	1	0	1
SMGC_66	1	0	1	0	0	1	1	1	1	1	1	1	1	0	0	1
SMGC_152	1	0	1	0	1	1	1	1	1	1	1	1	1	1	1	1
SMGC_598	1	0	0	0	1	1	1	1	1	1	1	1	1	1	1	1
SMGC_80	1	0	1	0	1	1	1	1	1	1	1	1	1	1	1	1
SMGC_58	1	0	1	0	1	1	1	1	1	1	1	1	1	1	1	1
SMGC_590	1	0	1	0	1	1	1	1	1	1	1	1	1	1	1	1
LK430	1	0	1	0	1	1	1	1	1	1	1	1	1	1	1	1
LK1352	1	0	1	0	1	1	1	1	1	1	1	1	1	1	1	1
SMGC_606	1	0	1	0	1	1	1	1	1	1	1	1	1	1	1	1
SMGC_103	1	0	1	0	1	1	1	1	1	1	1	1	1	1	1	1
SMGC_610	1	0	0	0	0	1	0	0	0	1	1	0	0	0	0	1
SMGC_94	1	0	1	0	1	1	1	1	1	1	1	1	1	1	1	1
LK1380	1	0	1	0	1	1	1	1	1	1	1	1	1	1	1	1
LK1136	1	0	1	0	1	1	1	1	1	1	1	1	1	1	1	1
LK405	1	0	1	0	1	1	1	1	1	1	1	1	1	1	1	1
SMGC_87	1	0	1	0	1	1	1	1	1	1	1	1	1	1	1	1
LK1289	1	0	1	0	1	1	1	1	1	1	1	1	1	1	1	1
LK1334	1	0	1	0	1	1	1	1	1	1	1	1	1	1	1	1
LK1279	1	0	1	0	1	1	1	1	1	1	1	1	1	1	1	1
SMGC_619	0	0	0	0	0	0	0	0	0	0	0	0	0	0	0	0
SMGC_72	1	0	1	0	1	1	1	1	1	1	1	1	1	1	1	1
LK1204	1	0	1	0	1	1	1	1	1	1	1	1	1	1	1	1
SMGC_59	0	0	0	0	0	0	0	0	0	0	0	0	0	0	0	0
SMGC_65	1	0	1	0	1	1	1	1	1	1	1	1	1	1	1	1
SMGC_144	1	0	1	0	1	1	1	1	1	1	1	1	1	1	1	1
SMGC_605	1	0	1	0	1	1	1	1	1	1	1	1	1	1	1	1
SMGC_597	0	0	0	0	0	0	0	0	0	0	0	1	0	0	0	0
SMGC_151	1	0	1	0	1	1	1	1	1	1	1	1	1	1	1	1
SMGC_583	0	0	0	0	0	0	0	1	1	0	0	0	0	0	0	0
SMGC_413	0	0	0	0	0	0	0	0	0	0	1	0	0	0	0	1
LK1239	1	0	1	0	1	1	1	1	1	1	1	1	1	1	1	1
LK1393	1	0	1	0	1	1	1	1	1	1	1	1	1	1	1	1
LK1134	1	0	1	0	1	1	1	1	1	1	1	1	1	1	1	1
SMGC_392	1	0	2	0	1	1	1	1	1	1	1	1	1	1	1	1
LK402	1	0	1	0	1	1	1	1	1	1	1	1	1	1	1	1
LK1379	1	0	1	0	1	1	1	1	1	1	1	1	1	1	1	1
SMGC_8	1	0	1	0	1	1	1	1	1	1	1	1	1	1	1	1
SMGC_93	1	0	1	0	1	1	1	1	1	1	1	1	1	1	1	1
SMGC_86	1	0	1	0	1	1	1	1	1	1	1	1	1	1	1	1
SMGC_61	1	0	2	0	1	1	1	1	1	1	1	1	1	1	1	1
LK1351	1	0	1	0	1	1	1	1	1	1	1	1	1	1	1	1
LK1255	1	0	1	0	1	1	1	1	1	1	1	1	1	1	1	1
SMGC_579	1	0	0	0	0	1	1	1	1	1	1	1	0	0	0	1
SMGC_572	1	0	1	0	1	1	1	1	1	1	1	1	1	1	1	1
LK1330	1	0	1	0	1	1	1	1	1	1	1	1	1	1	1	1
SMGC_618	0	0	0	0	0	0	0	0	0	0	0	1	0	0	0	0
SMGC_604	1	0	1	0	1	1	0	1	1	1	1	1	0	0	1	0
LK1198	1	0	1	0	1	1	1	1	1	1	1	1	1	1	1	1
LK1278	1	0	1	0	1	1	1	1	1	1	1	1	1	1	1	1
SMGC_79	1	0	1	0	1	1	1	1	1	1	1	1	1	1	1	1
SMGC_64	1	0	1	0	0	1	1	1	1	1	1	1	1	0	0	1
SMGC_514	0	0	1	0	1	0	1	1	1	0	1	1	1	1	1	1
LK1237	1	0	1	0	1	1	1	1	1	1	1	1	1	1	1	1
SMGC_150	1	0	1	0	1	0	1	1	1	0	0	0	1	1	1	0
LK1252	1	0	1	0	1	1	1	1	1	1	1	1	1	1	1	1
SMGC_71	1	0	1	0	1	1	1	1	1	1	1	1	1	1	1	1
LK1128	1	0	1	0	1	1	1	1	1	1	1	1	1	1	1	1
SMGC_521	0	0	0	0	0	0	0	0	0	0	0	0	0	0	0	0
SMGC_578	1	0	1	0	1	1	1	1	1	1	1	1	1	1	1	1
SMGC_550	1	0	1	0	1	1	1	1	1	1	1	1	1	1	1	1
SMGC_603	1	0	1	0	1	1	0	0	0	1	1	0	1	1	1	1
LK1147	1	0	1	0	1	1	1	1	1	1	1	1	1	1	1	1
SMGC_565	1	0	0	0	0	1	1	1	1	1	1	0	0	0	0	2
SMGC_617	1	0	1	0	1	1	1	1	1	1	1	1	1	1	1	1
SMGC_85	1	0	1	0	1	1	1	1	1	1	1	1	1	1	1	1
SMGC_143	1	0	1	0	1	1	1	1	1	1	1	1	1	1	1	1
SMGC_92	1	0	1	0	1	1	1	1	1	1	1	1	1	1	1	1
SMGC_457	1	0	1	0	1	1	1	1	1	1	1	1	1	1	1	1
SMGC_582	1	0	1	0	1	1	1	1	1	1	1	1	1	1	1	1
SMGC_4	1	0	1	0	1	1	1	1	1	1	1	1	1	1	1	1
SMGC_571	1	0	1	0	1	1	1	1	1	1	1	1	1	1	1	1
SMGC_412	1	0	1	0	1	1	1	1	1	1	1	1	1	1	1	1
SMGC_513	1	0	1	0	1	1	1	1	1	1	1	1	1	1	1	1
SMGC_589	0	0	0	0	0	0	0	0	0	0	0	1	0	0	0	0
SMGC_507	1	0	1	0	1	1	1	1	1	1	1	1	1	1	1	1
SMGC_602	1	0	1	0	1	1	1	1	1	1	1	1	1	1	1	1
SMGC_55	1	0	1	0	1	1	1	1	1	1	1	1	1	1	1	1
SMGC_596	0	0	0	0	0	0	0	0	0	0	0	0	0	0	0	0
SMGC_78	1	0	1	0	1	1	1	1	1	1	1	1	1	1	1	1
SMGC_63	1	0	1	0	1	1	1	1	1	1	1	1	1	1	1	1
SMGC_558	0	0	1	0	2	0	1	0	0	0	1	0	0	1	1	1
SMGC_391	2	0	1	0	1	1	1	1	1	1	1	0	1	1	0	1
SMGC_529	1	0	1	0	1	1	1	1	1	1	1	1	1	1	1	1
SMGC_536	0	0	1	0	0	0	0	0	0	0	0	0	1	0	0	0
SMGC_577	0	0	0	0	0	0	0	0	0	0	0	0	0	0	0	0
SMGC_609	1	0	1	0	1	1	1	1	1	1	1	1	1	1	1	1
SMGC_70	1	0	1	0	1	1	1	1	1	1	1	1	1	1	1	1
SMGC_486	1	0	1	0	1	1	1	1	1	1	1	1	1	1	1	1
SMGC_543	1	0	1	0	1	1	1	1	1	1	1	1	1	1	1	1
SMGC_616	1	0	1	0	1	1	1	1	1	1	1	1	1	1	1	1
SMGC_493	0	0	0	0	0	0	0	0	0	0	0	0	0	0	0	0
SMGC_564	0	0	0	0	0	0	0	0	0	0	0	0	0	0	0	0
SMGC_406	1	0	0	0	0	0	0	0	0	0	1	0	1	0	0	0
SMGC_520	1	0	1	0	1	1	1	1	1	1	1	1	1	1	1	1
SMGC_471	0	0	0	0	0	0	0	0	0	0	0	0	0	0	0	0
SMGC_50	1	0	1	0	1	1	1	1	1	1	1	1	1	1	1	1
SMGC_581	0	0	0	0	0	0	1	1	1	0	0	1	0	1	0	0
SMGC_464	1	0	0	0	0	1	0	0	0	1	0	0	0	0	0	0
SMGC_399	1	0	1	0	1	1	1	1	1	1	1	1	1	1	1	1
SMGC_601	0	0	0	0	0	0	0	0	0	0	0	0	1	0	0	0
SMGC_595	1	0	0	0	1	1	0	0	0	1	1	1	0	1	1	1
SMGC_456	1	0	1	0	1	1	1	1	1	1	1	1	1	1	1	1
SMGC_549	1	0	1	0	1	1	1	1	1	1	1	1	1	1	1	1
SMGC_506	1	0	1	0	1	1	1	1	1	1	1	1	1	1	1	1
SMGC_411	1	0	1	0	1	1	1	1	1	1	1	1	1	1	1	1
SMGC_576	1	0	1	0	1	1	1	1	2	1	1	1	1	1	1	1
SMGC_557	1	0	0	0	0	1	1	1	1	1	1	1	1	0	0	1
SMGC_492	0	0	0	0	0	0	0	0	0	0	0	1	0	0	0	0
SMGC_5	1	0	1	0	1	1	1	1	1	1	1	1	1	1	1	1
SMGC_535	0	0	1	0	1	1	1	1	1	1	1	1	1	1	1	1
SMGC_570	0	0	0	0	0	0	0	0	0	0	1	0	1	0	0	1
SMGC_442	1	0	1	0	1	1	1	1	1	1	1	1	1	1	1	1
SMGC_45	1	0	1	0	1	1	1	1	1	1	1	1	1	1	1	1
SMGC_528	1	0	1	0	1	1	1	1	1	1	1	1	1	1	1	1
SMGC_485	0	0	0	0	0	0	0	0	0	0	0	0	0	0	0	0
SMGC_463	1	0	0	0	0	1	0	0	0	1	1	0	0	0	0	1
SMGC_563	1	0	1	0	1	1	0	0	0	1	1	0	1	0	1	1
SMGC_512	1	0	1	0	1	1	1	1	1	1	1	1	1	1	1	1
SMGC_479	1	0	1	0	1	1	1	1	1	1	1	1	1	1	1	1
SMGC_390	1	0	1	0	1	1	1	1	1	1	1	1	1	1	1	1
SMGC_470	0	0	1	0	0	0	1	2	1	1	0	1	1	0	1	0
SMGC_542	1	0	1	0	1	1	1	1	1	1	1	1	1	1	1	1
SMGC_385	0	0	0	0	0	0	0	0	0	0	0	0	0	0	0	0
SMGC_405	1	0	0	0	0	1	0	1	0	1	0	1	1	0	0	1
SMGC_435	0	0	1	0	2	0	1	1	1	0	1	1	1	1	1	1
SMGC_588	1	0	1	0	1	1	2	0	1	1	1	0	1	1	0	2
SMGC_575	0	0	0	0	0	0	0	1	1	0	0	1	0	0	0	0
SMGC_428	1	0	1	0	1	1	1	1	1	1	1	1	1	1	1	1
SMGC_534	0	0	0	0	0	0	0	0	0	0	0	0	0	0	0	0
SMGC_455	1	0	1	0	1	1	2	1	1	1	1	1	1	1	1	1
SMGC_398	1	0	1	0	1	1	1	1	1	1	1	1	1	1	1	1
SMGC_449	1	0	1	0	1	1	1	1	1	1	1	1	1	1	1	1
SMGC_548	1	0	1	0	1	1	1	1	1	1	1	1	1	1	1	1
SMGC_491	1	0	1	0	1	1	2	2	2	1	1	1	1	1	1	1
SMGC_499	1	0	0	0	0	1	0	0	0	1	0	0	0	0	0	0
SMGC_484	1	0	1	0	1	1	1	1	1	1	1	1	1	1	1	1
SMGC_384	1	0	1	0	1	1	1	1	1	1	1	1	1	1	1	1
SMGC_52	1	0	1	0	1	1	1	1	1	1	1	1	1	1	1	1
SMGC_562	0	0	0	0	0	0	0	0	0	0	0	1	0	0	0	0
SMGC_420	1	0	0	0	1	1	1	1	1	1	0	1	1	1	1	0
SMGC_57	1	0	1	0	1	1	1	1	1	1	1	1	1	1	1	1
SMGC_462	1	0	1	0	0	1	0	0	0	0	0	0	1	0	0	0
SMGC_441	1	0	1	0	1	1	1	1	1	1	1	1	1	1	1	1
SMGC_434	0	0	0	0	0	0	0	0	0	0	0	0	0	0	0	0
SMGC_410	1	0	1	0	1	1	1	1	1	1	1	1	1	1	1	1
SMGC_527	1	0	1	0	1	1	1	1	1	1	1	1	1	1	1	1
SMGC_556	0	0	0	0	0	0	0	0	0	0	0	0	0	0	0	0
SMGC_47	1	0	1	0	1	1	0	0	0	1	1	0	1	1	1	1
SMGC_378	0	0	0	0	0	0	0	0	0	0	0	0	0	0	0	0
SMGC_427	0	0	0	0	0	0	1	1	1	0	1	0	0	0	0	1
SMGC_580	0	0	0	0	1	0	0	0	0	0	0	1	0	1	1	0
SMGC_498	0	0	0	0	0	0	0	0	0	0	0	0	0	0	0	0
SMGC_533	2	0	1	0	1	1	1	1	1	1	1	1	1	1	1	1
SMGC_478	1	0	1	0	1	1	1	1	1	1	1	1	1	1	1	1
SMGC_505	1	0	1	0	1	1	1	1	1	1	1	1	1	1	1	1
SMGC_454	0	0	0	0	0	0	1	1	1	1	2	1	0	1	0	1
SMGC_511	1	0	1	0	1	1	1	1	1	1	1	1	1	1	1	1
SMGC_490	1	0	0	0	0	1	1	1	2	1	1	1	0	0	0	1
SMGC_404	0	0	0	0	0	0	0	0	0	0	1	0	0	0	0	0
SMGC_541	0	0	0	0	0	0	1	0	0	0	1	0	0	0	0	0
SMGC_440	0	0	0	0	0	0	0	0	0	0	0	1	0	0	0	0
SMGC_42	1	0	1	0	1	1	1	1	1	1	1	1	1	1	1	1
SMGC_397	0	0	0	0	0	0	1	1	1	0	0	1	0	0	0	0
SMGC_483	0	0	0	0	0	0	0	0	0	0	0	0	0	0	0	0
SMGC_569	1	0	1	0	1	1	1	1	1	1	1	1	1	1	1	1
SMGC_448	1	0	1	0	1	1	1	1	1	1	1	1	1	1	1	1
SMGC_561	0	0	0	0	0	0	0	0	0	0	1	0	0	0	0	1
SMGC_469	1	0	1	0	1	1	1	1	1	1	1	1	1	1	1	1
SMGC_461	1	0	1	0	1	1	1	1	1	1	1	1	1	1	1	1
SMGC_433	1	0	1	0	1	1	1	1	1	1	1	1	1	1	1	1
SMGC_497	0	0	0	0	0	0	0	0	0	0	0	1	0	0	0	0
SMGC_383	0	0	0	0	0	0	0	0	0	0	0	0	0	0	0	0
SMGC_477	0	0	0	0	1	0	1	1	1	0	1	0	0	1	1	0
SMGC_377	1	0	1	0	1	1	1	1	1	1	1	1	1	1	1	1
SMGC_426	1	0	1	0	1	1	1	1	1	1	1	1	1	1	1	1
SMGC_526	1	0	1	0	1	1	1	1	1	1	1	1	1	1	1	1
SMGC_555	0	0	0	0	0	0	0	0	0	0	0	0	0	0	0	0
SMGC_519	0	0	1	0	1	1	1	1	1	1	1	1	0	1	1	1
SMGC_453	0	0	0	0	0	0	0	0	0	0	0	0	0	0	0	0
SMGC_39	1	0	1	0	1	1	1	1	1	1	1	1	1	1	1	1
SMGC_233	1	0	1	0	1	1	1	1	1	1	1	1	1	1	1	1
SMGC_547	0	0	0	0	0	0	0	1	1	0	0	0	0	0	0	0
SMGC_504	0	0	0	0	1	0	1	1	1	0	0	1	0	1	1	0
SMGC_49	1	0	1	0	1	1	1	1	1	1	1	1	1	1	1	1
SMGC_574	1	0	1	0	1	1	1	1	1	1	1	1	1	1	1	1
SMGC_540	0	0	0	0	0	0	0	0	0	0	0	0	0	0	0	0
SMGC_403	1	0	1	0	0	1	0	0	0	1	1	0	1	0	1	1
SMGC_560	1	0	1	0	1	1	1	1	1	1	1	1	1	1	1	1
SMGC_447	1	0	1	0	1	1	1	1	1	1	1	1	1	1	1	1
SMGC_482	0	0	0	0	0	0	1	1	1	0	1	1	0	0	0	1
SMGC_568	0	0	0	0	0	0	1	1	1	0	0	1	0	0	0	0
SMGC_41	1	0	1	0	1	1	1	1	1	1	1	1	1	1	1	1
SMGC_525	1	0	1	0	1	1	1	1	1	1	1	1	1	1	1	1
SMGC_376	0	0	0	0	0	0	0	0	0	0	0	0	0	0	0	0
SMGC_476	1	0	1	0	1	1	1	1	1	1	1	1	1	1	1	1
SMGC_419	1	0	1	0	1	1	1	1	1	1	1	1	1	1	1	1
SMGC_425	1	0	1	0	1	1	1	1	1	1	1	1	1	1	1	1
SMGC_532	1	0	1	0	1	1	1	1	1	1	1	1	1	1	1	1
SMGC_44	0	0	0	0	0	0	0	0	0	0	0	0	0	0	0	0
SMGC_382	0	0	0	0	0	0	2	1	1	0	0	1	0	0	0	0
SMGC_554	1	0	0	0	0	1	0	1	1	1	0	1	0	0	0	0
SMGC_546	1	0	1	0	1	0	1	1	1	0	0	0	1	1	1	0
SMGC_468	1	0	0	0	1	1	1	0	1	1	1	1	0	1	1	1
SMGC_54	0	0	0	0	0	0	1	1	1	0	0	1	0	0	0	0
SMGC_510	1	0	1	0	1	1	1	1	1	1	1	1	1	1	1	1
SMGC_389	1	0	1	0	1	1	1	1	1	1	1	1	1	1	1	1
SMGC_396	1	0	1	0	1	1	1	1	1	1	1	1	1	1	1	1
SMGC_460	1	0	0	0	0	1	0	0	0	1	1	0	1	0	0	1
SMGC_496	0	0	0	0	0	0	0	0	0	0	0	1	0	0	0	0
SMGC_432	0	0	1	0	1	0	0	1	0	0	0	1	0	1	1	0
SMGC_489	0	0	0	0	0	0	0	0	0	0	0	0	0	0	0	0
SMGC_446	1	0	1	0	1	1	1	1	1	1	1	1	1	1	1	1
SMGC_375	1	0	1	0	1	1	1	1	1	1	1	1	1	1	1	1
SMGC_567	1	0	1	0	1	1	1	1	1	1	1	1	1	1	1	1
SMGC_475	1	0	0	0	0	1	0	0	0	1	0	0	0	0	0	0
SMGC_424	1	0	0	0	0	1	0	0	0	1	1	0	1	0	0	1
SMGC_402	1	0	1	0	1	1	0	0	0	1	1	0	1	1	1	1
SMGC_503	0	0	0	0	0	0	0	0	0	0	0	1	0	0	0	0
SMGC_56	1	0	1	0	1	1	1	1	1	1	1	1	1	1	1	1
SMGC_418	0	0	0	0	0	0	0	0	0	0	0	0	0	0	0	0
SMGC_518	1	0	1	0	1	1	1	1	1	0	0	0	1	1	1	0
SMGC_381	1	0	1	0	1	1	1	1	1	1	1	1	1	1	1	1
SMGC_524	2	0	1	0	1	1	1	1	1	1	1	1	1	1	1	1
SMGC_531	1	0	0	0	0	0	0	0	0	0	0	0	1	0	0	0
SMGC_439	1	0	1	0	1	1	0	0	0	1	1	1	1	1	1	1
SMGC_553	1	0	1	0	0	0	1	1	1	1	1	1	1	0	1	1
SMGC_388	0	0	0	0	0	0	0	0	0	0	0	0	0	0	0	0
SMGC_481	0	0	0	0	0	0	0	0	0	0	0	0	0	0	0	0
SMGC_232	1	0	1	0	1	1	1	1	1	1	1	1	1	1	1	1
SMGC_488	1	0	1	0	1	1	0	0	0	1	1	0	1	1	1	1
SMGC_431	0	0	1	0	0	0	0	0	0	0	0	0	1	0	0	0
SMGC_51	0	0	1	0	0	0	1	1	1	0	1	1	1	0	0	1
SMGC_452	0	0	0	0	0	0	0	0	0	0	0	0	0	0	0	0
SMGC_467	2	0	1	0	1	1	0	0	0	1	1	0	1	1	1	1
SMGC_573	0	0	0	0	0	0	0	0	0	0	0	1	1	0	0	0
SMGC_409	0	0	0	0	0	0	0	0	0	0	0	0	0	0	0	0
SMGC_445	1	0	1	0	1	1	1	1	1	1	1	2	1	1	1	2
SMGC_539	1	0	1	0	1	1	1	1	1	1	1	1	1	1	1	1
SMGC_374	1	0	1	0	1	1	1	1	1	1	1	1	1	1	1	1
SMGC_545	1	0	1	0	1	1	1	1	1	1	1	1	1	1	1	1
SMGC_417	0	0	0	0	0	0	0	0	0	0	0	0	0	0	0	0
SMGC_502	0	0	0	0	0	0	0	0	0	0	0	0	0	0	0	0
SMGC_566	1	0	1	0	0	0	1	1	2	0	1	1	1	0	1	1
SMGC_495	1	0	1	0	1	1	1	1	1	1	1	1	1	1	1	1
SMGC_395	1	0	1	0	1	1	1	1	1	1	1	1	1	1	1	1
SMGC_474	1	0	1	0	1	1	1	1	1	1	1	1	1	1	1	1
SMGC_517	1	0	1	0	1	1	1	1	1	1	1	1	1	1	1	1
SMGC_530	1	0	1	0	1	1	0	1	1	1	1	1	1	1	1	1
SMGC_559	0	0	0	0	0	0	0	0	0	0	0	0	0	0	0	0
SMGC_423	0	0	0	0	0	0	0	0	0	0	0	0	0	0	0	0
SMGC_552	1	0	1	0	1	1	1	1	1	1	1	1	1	1	1	1
SMGC_416	1	0	1	0	1	1	1	1	1	1	1	0	1	1	1	1
SMGC_523	1	0	1	0	0	1	0	0	0	1	1	0	1	0	0	1
SMGC_430	0	0	1	0	1	0	1	1	1	0	1	1	0	1	1	1
SMGC_438	1	0	1	0	1	1	1	1	1	1	1	1	1	1	1	1
SMGC_466	1	0	1	0	1	1	1	1	1	1	1	1	1	1	1	1
SMGC_451	0	0	0	0	0	0	0	0	0	0	0	0	0	0	0	0
SMGC_480	1	0	1	0	1	1	1	1	1	1	1	1	1	1	1	1
SMGC_349	0	0	0	0	0	0	0	0	0	0	0	0	0	0	0	0
SMGC_509	0	0	0	0	0	0	0	0	0	0	0	1	0	0	0	0
SMGC_487	1	0	1	0	1	1	1	1	1	1	1	1	1	1	1	1
SMGC_46	2	0	2	0	2	2	1	1	1	2	1	1	2	2	2	2
SMGC_538	1	0	1	0	1	1	1	1	1	1	1	1	1	1	1	1
SMGC_501	1	0	2	0	1	1	1	1	1	1	1	1	1	1	1	1
SMGC_444	1	0	1	0	1	1	1	1	1	1	1	1	1	1	1	1
SMGC_27	1	0	1	0	1	1	1	1	1	1	1	1	1	1	1	1
SMGC_401	0	0	0	0	0	0	0	0	0	0	0	1	0	0	0	0
SMGC_473	1	0	1	0	1	1	1	1	1	1	1	1	1	1	1	1
SMGC_494	0	0	0	0	0	0	0	0	0	0	0	0	0	0	0	0
SMGC_516	1	0	1	0	0	0	0	1	1	0	1	1	1	0	1	1
SMGC_544	1	0	1	0	1	1	1	1	1	1	1	1	1	1	1	1
SMGC_373	1	0	2	0	1	1	1	1	1	1	1	1	1	1	1	1
SMGC_394	0	0	0	0	1	0	0	1	1	0	0	1	0	1	1	0
SMGC_380	0	0	0	0	0	0	0	0	0	0	0	1	0	0	0	0
SMGC_53	1	0	1	0	1	1	1	1	1	1	1	1	1	2	1	1
SMGC_551	1	0	1	0	1	1	1	1	1	1	1	1	1	1	1	1
SMGC_408	1	0	1	0	1	1	1	1	1	1	1	1	1	0	1	1
SMGC_422	1	0	1	0	1	1	1	1	1	1	1	0	1	1	1	1
SMGC_43	1	0	1	0	1	1	1	1	1	1	1	1	1	1	1	1
SMGC_459	1	0	1	0	0	1	0	0	0	0	1	0	1	0	1	1
SMGC_415	0	0	0	0	0	0	0	0	0	0	0	0	0	0	0	0
SMGC_387	0	0	0	0	0	0	1	1	1	0	0	1	0	0	0	0
SMGC_537	1	0	1	0	0	1	1	1	1	1	1	0	1	0	0	1
SMGC_522	1	0	1	0	1	1	1	1	1	1	1	1	1	1	1	1
SMGC_508	1	0	1	0	1	1	1	1	1	1	1	1	1	1	1	1
SMGC_465	1	0	1	0	0	1	1	1	1	1	1	1	1	1	0	1
SMGC_400	1	0	1	0	1	1	1	1	1	1	1	1	1	1	1	1
SMGC_437	1	0	1	0	1	1	1	1	1	1	1	1	1	1	1	1
SMGC_500	1	0	1	0	1	1	1	1	1	1	1	1	1	2	1	1
SMGC_356	1	0	1	0	1	1	1	1	1	1	1	1	1	1	1	1
SMGC_515	1	0	1	0	1	1	1	0	1	1	0	0	1	1	1	1
SMGC_472	0	0	0	0	0	0	0	1	0	0	0	1	0	0	0	0
SMGC_372	1	0	1	0	1	1	1	1	1	1	1	1	1	1	1	1
SMGC_231	1	0	1	0	1	1	1	1	1	1	1	1	1	1	1	1
SMGC_48	1	0	1	0	1	1	1	1	1	1	1	1	1	1	1	1
SMGC_38	1	0	1	0	1	1	1	1	1	1	2	1	1	1	1	2
SMGC_32	1	0	1	0	1	1	1	1	1	1	1	1	1	1	1	1
SMGC_226	1	0	1	0	1	1	1	1	1	1	1	1	1	1	1	1
SMGC_414	0	0	0	0	0	0	0	0	0	0	1	0	0	0	0	1
SMGC_363	1	0	0	0	1	1	1	1	1	1	0	1	0	1	0	1
SMGC_421	1	0	1	0	1	1	1	1	1	1	1	1	1	1	1	1
SMGC_443	1	0	1	0	1	1	0	0	0	1	1	0	0	0	1	1
SMGC_240	1	0	1	0	1	1	1	1	1	1	1	1	1	1	1	1
SMGC_386	0	0	0	0	0	0	0	0	0	1	1	0	0	0	0	1
SMGC_458	1	0	1	0	1	1	1	1	2	1	1	1	1	1	1	1
SMGC_341	1	0	1	0	1	1	1	1	1	1	1	1	1	1	1	1
SMGC_393	0	0	0	0	1	0	1	0	0	0	1	1	0	1	1	1
SMGC_429	1	0	1	0	1	1	1	1	1	1	1	1	1	1	1	1
SMGC_436	1	0	1	0	1	1	1	1	1	1	1	1	1	1	1	1
SMGC_210	1	0	1	0	1	1	1	1	1	1	1	1	1	1	1	1
SMGC_255	1	0	1	0	1	1	1	1	1	1	1	1	1	1	1	1
SMGC_450	2	0	2	0	1	2	1	1	1	2	2	1	2	1	2	2
SMGC_218	1	0	1	0	1	1	1	1	1	1	1	1	1	1	1	1
SMGC_407	0	0	0	0	0	0	0	0	0	0	0	0	0	0	0	0
SMGC_269	1	0	1	0	1	1	1	1	1	1	1	1	1	1	1	1
SMGC_40	1	0	1	0	1	1	1	1	1	1	1	1	1	1	1	1
SMGC_277	0	0	0	0	0	0	1	1	1	0	1	1	0	0	0	1
SMGC_370	1	0	1	0	1	1	1	1	1	1	1	1	1	1	1	1
SMGC_348	1	0	1	0	1	1	1	1	1	1	0	1	1	1	1	0
SMGC_327	1	0	1	0	0	1	0	0	0	1	1	0	1	0	0	1
SMGC_355	1	0	1	0	1	1	1	1	1	1	1	1	1	1	1	1
SMGC_362	0	0	0	0	0	0	0	0	0	0	0	0	0	0	0	0
SMGC_160	0	0	0	0	0	0	0	0	0	0	0	1	0	0	0	0
SMGC_24	1	0	1	0	1	1	1	1	1	1	1	1	1	1	1	1
SMGC_19	1	0	1	0	1	1	1	1	1	1	1	1	1	1	1	1
SMGC_319	1	0	1	0	1	1	1	1	1	1	1	1	1	1	1	1
SMGC_305	1	0	1	0	1	1	1	1	1	1	1	1	1	1	1	1
SMGC_248	1	0	1	0	1	1	1	1	1	1	1	1	1	1	1	1
SMGC_21	0	0	0	0	0	0	0	0	0	0	0	1	0	0	0	0
SMGC_197	1	0	1	0	1	1	1	1	1	1	1	1	1	1	1	1
SMGC_168	0	0	0	0	0	0	0	0	0	0	0	1	1	0	0	0
SMGC_312	1	0	1	0	1	1	1	1	1	1	1	1	1	1	1	1
SMGC_379	1	0	1	0	1	1	1	1	2	1	1	1	1	1	1	1
SMGC_299	1	0	1	0	1	1	1	1	1	1	1	2	1	1	1	1
SMGC_225	1	0	1	0	1	1	1	1	1	1	1	1	1	1	1	1
SMGC_217	1	0	1	0	1	1	1	1	1	1	1	1	1	1	1	1
SMGC_371	1	0	1	0	1	0	1	1	1	1	1	1	1	1	1	1
SMGC_340	1	0	2	0	1	1	1	1	1	1	1	1	1	1	1	1
SMGC_254	0	0	0	0	0	0	0	0	0	0	1	0	0	0	0	1
SMGC_268	1	0	1	0	1	1	1	1	1	1	1	1	1	1	1	1
SMGC_334	1	0	1	0	1	1	1	2	1	1	1	1	1	1	1	0
SMGC_175	0	0	0	0	0	0	0	1	0	0	0	1	0	0	0	0
SMGC_276	1	0	1	0	1	1	1	1	1	1	1	1	1	1	1	1
SMGC_326	1	0	1	0	1	1	1	1	1	1	1	1	1	1	1	1
SMGC_230	1	0	1	0	1	1	1	1	1	1	1	1	1	1	1	1
SMGC_347	1	0	1	0	1	1	1	1	1	1	1	1	1	1	1	1
SMGC_284	1	0	1	0	1	1	1	1	1	1	1	1	1	1	1	1
SMGC_291	1	0	1	0	1	1	1	1	1	1	1	1	1	1	1	1
SMGC_182	1	0	1	0	1	1	1	1	1	1	1	1	1	1	1	1
SMGC_189	1	0	1	0	1	1	1	1	1	0	1	1	1	0	1	1
SMGC_318	0	0	0	0	0	0	0	0	0	0	0	0	0	0	0	0
SMGC_262	0	0	0	0	0	0	0	0	0	0	0	0	0	0	0	0
SMGC_361	1	0	1	0	1	1	1	1	1	1	1	1	1	1	1	1
SMGC_37	1	0	1	0	1	1	1	1	1	1	1	1	1	1	1	1
SMGC_16	1	0	1	0	1	1	1	1	1	1	1	1	1	1	1	1
SMGC_239	1	0	1	0	1	1	1	1	1	1	1	1	1	1	1	1
SMGC_196	1	0	1	0	1	1	1	1	1	1	1	1	1	1	1	1
SMGC_304	1	0	1	0	1	1	1	1	1	1	1	1	1	1	1	1
SMGC_354	1	0	1	0	1	1	1	1	1	1	1	1	1	1	1	1
SMGC_209	1	0	1	0	1	1	1	1	1	1	1	1	1	1	1	1
SMGC_247	1	0	1	0	1	1	1	1	1	1	1	1	1	1	1	1
SMGC_333	0	0	0	0	0	0	0	0	0	0	0	0	0	0	0	0
SMGC_203	1	0	1	0	1	1	0	1	1	1	1	1	1	0	1	1
SMGC_298	0	0	0	0	0	0	1	1	1	0	0	1	0	0	0	0
SMGC_167	1	0	1	0	1	1	1	1	1	1	0	1	1	1	1	0
SMGC_311	1	0	1	0	1	1	1	1	1	1	1	1	1	1	1	1
SMGC_290	0	0	0	0	0	0	0	0	0	0	0	0	0	0	0	0
SMGC_283	1	0	1	0	1	1	1	1	1	1	1	0	1	1	1	1
SMGC_253	1	0	1	0	1	1	1	0	0	1	1	0	1	1	1	1
SMGC_267	1	0	1	0	1	1	1	1	1	1	1	1	1	1	1	1
SMGC_346	1	0	1	0	1	1	1	1	1	1	1	1	1	1	1	1
SMGC_275	1	0	1	0	1	1	1	0	0	1	1	0	1	1	1	1
SMGC_174	1	0	1	0	1	1	1	1	1	1	1	1	1	1	1	1
SMGC_325	1	0	1	0	1	1	1	0	0	1	1	0	1	1	1	1
SMGC_34	1	0	1	0	1	1	1	1	1	1	1	1	1	1	1	1
SMGC_181	0	0	0	0	0	0	1	0	1	0	0	0	0	0	0	0
SMGC_261	1	0	1	0	1	1	1	1	1	1	1	1	1	1	1	1
SMGC_202	1	0	1	0	1	1	1	1	1	1	1	1	1	1	1	1
SMGC_224	1	0	1	0	1	1	1	1	1	1	1	1	1	1	1	1
SMGC_23	1	0	1	0	1	1	1	1	1	1	1	1	1	1	1	1
SMGC_246	1	0	1	0	1	1	1	1	2	1	1	1	1	1	1	1
SMGC_317	0	0	0	0	0	0	0	0	0	0	0	0	0	0	0	0
SMGC_159	1	0	1	0	1	1	1	1	1	1	1	1	1	1	1	1
SMGC_303	0	0	0	0	0	0	0	0	0	0	0	0	0	0	0	0
SMGC_353	0	0	0	0	1	0	1	1	1	0	1	1	0	1	1	1
SMGC_282	1	0	1	0	1	1	1	1	1	1	1	1	1	1	1	1
SMGC_369	1	0	1	0	1	1	1	1	1	1	1	1	1	1	1	1
SMGC_297	1	0	1	0	1	1	1	1	1	1	0	1	1	1	1	0
SMGC_208	1	0	1	0	1	1	1	1	1	1	1	1	1	1	1	1
SMGC_173	1	0	1	0	1	1	1	1	1	1	1	1	1	1	1	1
SMGC_188	1	0	0	0	1	1	0	0	0	1	1	1	1	1	1	1
SMGC_310	1	0	1	0	1	1	1	1	1	1	1	1	1	1	1	1
SMGC_216	1	0	1	0	1	1	1	1	1	1	1	1	1	1	1	1
SMGC_332	0	0	1	0	1	0	0	2	1	0	0	0	2	2	0	0
SMGC_166	1	0	1	0	1	1	1	1	1	1	1	1	1	1	1	1
SMGC_274	1	0	1	0	1	1	1	1	1	1	1	1	1	1	1	1
SMGC_180	1	0	1	0	1	1	1	0	0	1	1	0	1	1	1	0
SMGC_29	0	0	0	0	0	0	0	0	0	0	0	0	0	0	0	0
SMGC_238	1	0	1	0	1	1	1	1	1	1	1	1	1	1	1	1
SMGC_252	0	0	0	0	0	0	0	0	0	0	0	0	0	0	0	0
SMGC_260	1	0	1	0	1	1	1	1	1	1	1	1	1	1	1	1
SMGC_201	1	0	1	0	1	1	1	1	1	1	1	1	1	1	1	1
SMGC_339	1	0	1	0	1	1	1	1	1	1	1	1	1	1	1	1
SMGC_195	1	0	1	0	1	1	1	1	1	1	1	1	1	1	1	1
SMGC_352	1	0	1	0	1	1	1	0	0	1	1	0	1	1	1	1
SMGC_296	1	0	1	0	1	1	1	1	1	1	1	2	1	1	1	1
SMGC_158	1	0	1	0	1	1	1	1	1	1	1	1	1	1	1	1
SMGC_229	1	0	1	0	1	1	1	1	1	1	1	1	1	1	1	1
SMGC_324	1	0	1	0	1	1	1	1	1	1	1	1	1	1	1	1
SMGC_187	1	0	1	0	1	1	1	1	1	1	1	1	1	1	1	1
SMGC_360	1	0	1	0	1	1	1	1	1	1	1	1	1	1	1	1
SMGC_281	1	0	1	0	1	1	1	1	1	1	1	1	1	1	1	1
SMGC_289	1	0	1	0	1	1	1	1	1	1	1	1	1	1	1	1
SMGC_266	1	0	1	0	1	1	1	1	1	1	1	1	1	1	1	1
SMGC_368	0	0	0	0	0	0	0	0	0	0	0	0	0	0	0	0
SMGC_31	1	0	1	0	1	1	1	1	1	1	1	1	1	1	1	1
SMGC_302	0	0	0	0	0	0	0	0	0	0	0	0	0	0	0	0
SMGC_26	1	0	1	0	1	1	1	1	1	1	1	1	1	1	1	1
SMGC_316	1	0	1	0	1	1	1	1	1	1	1	1	1	1	1	1
SMGC_165	2	0	1	0	1	1	1	1	1	1	1	1	1	1	1	1
SMGC_215	1	0	1	0	1	1	1	1	1	1	1	1	1	1	1	1
SMGC_18	1	0	1	0	1	1	1	1	1	1	1	1	1	1	1	1
SMGC_245	1	0	1	0	1	1	1	1	1	1	1	1	1	1	1	1
SMGC_172	0	0	0	0	1	0	1	1	1	0	0	0	0	1	1	1
SMGC_273	1	0	1	0	1	1	1	1	1	1	1	1	1	1	1	1
SMGC_237	1	0	1	0	1	1	1	1	1	1	1	1	1	1	1	1
SMGC_223	1	0	1	0	1	1	1	1	1	1	1	1	1	1	1	1
SMGC_251	1	0	1	0	1	1	1	0	0	1	1	1	1	1	1	1
SMGC_207	1	0	1	0	1	1	1	1	1	1	1	1	1	1	1	1
SMGC_200	1	0	1	0	1	1	1	1	1	1	1	1	1	1	1	1
SMGC_351	0	0	0	0	0	0	0	0	0	0	0	0	0	0	0	0
SMGC_338	1	0	1	0	1	1	1	1	1	1	1	1	1	1	1	1
SMGC_331	1	0	1	0	1	1	1	1	1	1	1	1	1	1	1	1
SMGC_345	1	0	1	0	1	1	1	1	1	1	1	1	1	1	1	1
SMGC_309	1	0	1	0	1	1	1	1	1	1	1	1	1	1	1	1
SMGC_280	1	0	1	0	1	1	1	1	1	1	1	1	1	1	1	1
SMGC_295	0	0	0	0	0	0	0	0	0	0	0	0	0	0	0	0
SMGC_301	1	0	1	0	1	1	1	1	1	1	1	1	1	1	1	1
SMGC_186	1	0	1	0	1	1	1	1	1	1	1	0	1	1	1	1
SMGC_36	1	0	1	0	1	1	1	1	1	1	1	1	1	1	1	1
SMGC_171	1	0	1	0	1	1	1	1	1	1	1	1	1	1	1	1
SMGC_323	1	0	1	0	1	1	1	1	1	1	1	1	1	1	1	1
SMGC_194	0	0	0	0	0	0	0	0	0	0	0	0	0	0	0	0
SMGC_259	1	0	1	0	1	1	1	1	1	1	1	1	1	1	1	1
SMGC_367	1	0	1	0	1	1	1	2	1	1	0	2	1	1	1	0
SMGC_164	1	0	1	0	1	1	0	0	0	1	1	1	1	1	1	0
SMGC_236	1	0	1	0	1	1	1	1	1	1	1	1	1	1	1	1
SMGC_157	1	0	1	0	1	1	1	1	1	1	1	1	1	1	1	1
SMGC_179	0	0	0	0	0	0	0	0	0	0	0	1	0	0	0	0
SMGC_244	1	0	1	0	1	1	1	1	1	1	1	1	1	1	1	1
SMGC_214	0	0	0	0	0	0	0	0	0	0	0	0	0	0	0	0
SMGC_315	1	0	1	0	1	1	1	1	1	1	1	1	1	1	1	1
SMGC_20	1	0	1	0	1	1	1	1	1	1	1	1	1	1	1	1
SMGC_288	1	0	1	0	1	1	1	1	1	1	1	1	1	1	1	1
SMGC_330	1	0	1	0	1	1	1	1	1	1	1	1	1	1	1	1
SMGC_222	1	0	1	0	1	1	1	1	1	1	1	1	1	1	1	1
SMGC_228	1	0	1	0	1	1	1	1	1	1	1	1	1	1	1	1
SMGC_265	1	0	1	0	1	1	1	1	1	1	1	1	1	1	1	1
SMGC_337	1	0	1	0	1	1	1	1	1	1	1	1	1	1	1	1
SMGC_193	1	0	1	0	0	1	1	1	1	1	1	1	1	0	1	1
SMGC_344	1	0	1	0	1	1	1	1	1	1	1	1	1	1	1	1
SMGC_28	1	0	1	0	1	1	1	1	1	1	1	1	1	1	1	1
SMGC_206	1	0	1	0	0	1	0	0	0	1	1	0	1	0	0	0
SMGC_294	1	0	1	0	1	1	1	1	1	1	1	1	1	1	1	1
SMGC_272	1	0	1	0	1	1	1	1	1	1	1	1	1	1	1	1
SMGC_213	1	0	1	0	1	1	1	1	1	1	1	1	1	1	1	1
SMGC_258	0	0	1	0	1	0	1	1	1	0	0	1	0	1	1	0
SMGC_178	1	0	1	0	1	1	0	1	1	1	0	1	1	1	2	1
SMGC_185	1	0	1	0	1	1	1	0	1	1	1	0	1	1	1	1
SMGC_250	1	0	1	0	1	1	1	1	1	1	1	1	1	1	1	1
SMGC_170	1	0	1	0	1	1	1	1	1	1	1	1	1	1	1	1
SMGC_359	0	0	0	0	0	0	0	0	0	0	0	1	0	0	0	0
SMGC_308	1	0	1	0	0	1	1	1	1	1	1	1	1	0	0	1
SMGC_300	1	0	1	0	1	0	1	1	1	0	0	1	1	1	1	0
SMGC_33	1	0	1	0	1	1	1	1	1	1	1	1	1	1	1	1
SMGC_322	1	0	1	0	1	1	1	1	1	1	1	1	1	1	1	1
SMGC_2	1	0	1	0	1	1	1	1	1	1	1	1	1	1	1	1
SMGC_243	1	0	1	0	1	1	1	1	1	1	1	1	1	1	1	1
SMGC_235	1	0	1	0	1	1	1	1	1	1	1	1	1	1	1	1
SMGC_156	1	0	1	0	1	1	1	1	1	1	1	1	1	1	1	1
SMGC_350	0	0	0	0	0	0	0	0	0	0	0	0	0	0	0	0
SMGC_366	1	0	1	0	1	1	1	1	1	1	1	1	1	1	1	1
SMGC_287	0	0	0	0	0	0	0	1	1	0	1	1	0	0	0	1
SMGC_163	1	0	1	0	1	1	1	1	1	1	1	1	1	1	1	1
SMGC_221	1	0	1	0	1	1	1	1	1	1	1	1	1	1	1	1
SMGC_336	1	0	1	0	1	1	1	1	1	1	1	1	1	1	1	1
SMGC_192	1	0	1	0	1	1	0	1	1	1	1	2	0	1	1	1
SMGC_314	1	0	1	0	1	1	1	1	1	1	1	1	1	1	1	1
SMGC_264	1	0	1	0	1	1	1	1	1	1	1	1	1	1	1	1
SMGC_184	1	0	1	0	1	1	1	1	1	1	1	1	1	1	1	1
SMGC_205	1	0	1	0	1	1	1	1	1	1	1	1	1	1	1	1
SMGC_343	1	0	1	0	1	1	1	1	1	1	1	1	1	1	1	1
SMGC_358	1	0	1	0	1	1	1	1	1	1	1	1	1	1	1	1
SMGC_177	1	0	1	0	1	1	1	1	1	1	1	1	1	1	1	2
SMGC_257	1	0	1	0	1	1	1	1	1	1	1	1	1	1	1	1
SMGC_271	1	0	1	0	1	1	1	1	1	1	1	1	1	1	1	1
SMGC_293	0	0	0	0	0	0	0	1	0	0	0	1	0	0	0	0
SMGC_279	0	0	1	0	0	0	0	0	0	0	1	0	1	0	0	1
SMGC_212	1	0	1	0	1	1	1	1	1	1	1	1	1	1	1	1
SMGC_307	1	0	1	0	1	1	1	1	1	1	1	1	1	1	1	1
SMGC_321	1	0	1	0	1	1	1	1	1	1	1	1	1	1	1	1
SMGC_17	1	0	1	0	1	1	1	1	1	1	1	1	1	1	1	1
SMGC_242	1	0	1	0	1	1	1	1	1	1	1	1	1	1	1	1
SMGC_30	1	0	1	0	1	1	1	1	1	1	1	0	1	1	1	1
SMGC_329	1	0	1	0	1	1	1	1	1	1	1	1	1	1	1	1
SMGC_155	1	0	1	0	1	1	1	1	1	1	1	1	1	1	1	1
SMGC_199	1	0	1	0	1	1	1	1	1	1	1	1	1	1	1	1
SMGC_162	1	0	1	0	1	1	1	1	1	1	1	1	1	1	1	1
SMGC_286	1	0	1	0	1	1	1	1	1	1	1	1	1	1	1	1
SMGC_365	0	0	0	0	0	0	0	0	0	0	0	1	0	0	0	0
SMGC_234	1	0	1	0	1	1	1	1	1	1	1	1	1	1	1	1
SMGC_220	1	0	1	0	1	1	1	1	1	1	1	1	1	1	1	1
SMGC_25	1	0	1	0	1	1	1	1	1	1	1	1	1	1	1	1
SMGC_227	1	0	1	0	1	1	1	1	1	1	1	1	1	1	1	1
SMGC_335	1	0	1	0	1	1	1	1	1	1	1	1	1	1	1	1
SMGC_204	1	0	1	0	1	1	1	1	1	1	1	1	1	1	1	1
SMGC_191	0	0	0	0	0	0	0	0	0	0	0	0	0	0	0	0
SMGC_292	1	0	1	0	1	1	1	1	1	1	1	1	1	1	1	1
SMGC_313	1	0	1	0	1	1	1	1	1	1	1	1	1	1	1	1
SMGC_35	1	0	1	0	0	0	0	0	0	1	0	0	1	0	0	1
SMGC_183	1	0	1	0	1	1	1	1	1	1	1	1	1	1	1	1
SMGC_169	1	0	1	0	0	1	0	0	0	1	1	0	1	0	0	1
SMGC_3	1	0	1	0	1	1	2	2	2	1	1	2	1	1	1	1
SMGC_263	0	0	1	0	1	0	1	1	1	0	1	1	1	1	1	1
SMGC_270	1	0	1	0	1	1	1	1	1	1	1	1	1	1	1	1
SMGC_342	1	0	1	0	1	1	0	1	1	1	1	1	1	1	1	2
SMGC_278	1	0	1	0	1	1	1	0	1	1	1	0	1	1	1	1
SMGC_211	1	0	1	0	1	1	1	1	1	1	1	1	1	1	1	1
SMGC_256	1	0	1	0	1	1	1	1	1	1	0	1	1	1	1	0
SMGC_176	1	0	1	0	1	1	1	1	1	1	1	1	1	1	1	1
SMGC_306	1	0	1	0	1	1	1	1	1	1	1	1	1	1	1	1
SMGC_241	1	0	1	0	1	1	1	1	1	1	1	1	1	1	1	1
SMGC_357	1	0	1	0	1	1	1	1	1	1	1	1	1	1	1	1
SMGC_161	1	0	1	0	1	1	1	2	1	1	1	1	1	1	1	2
SMGC_219	2	0	2	0	2	2	1	1	1	2	2	1	2	2	2	2
SMGC_198	1	0	1	0	1	1	1	1	1	1	1	1	1	1	1	1
SMGC_364	1	0	0	0	1	1	0	1	1	1	0	1	0	1	0	1
SMGC_249	0	0	0	0	1	0	1	1	1	0	1	1	0	1	1	1
SMGC_154	1	0	1	0	1	1	1	1	1	1	1	1	1	1	1	1
SMGC_285	1	0	1	0	1	1	1	1	1	1	1	1	1	1	1	1
SMGC_320	1	0	1	0	1	1	1	1	1	1	2	1	1	1	1	3
SMGC_328	0	0	0	0	0	0	0	0	0	0	0	0	0	0	0	0
SMGC_190	0	0	0	0	0	0	0	1	0	0	0	1	0	0	0	0
